horizon,rmse_baseline,mae_baseline,rmse_transformer,mae_transformer
5,1.6007840223449727,1.2746389882834799,2.135808161382427,1.7139989137649536
10,1.6078532383512427,1.2821261596706865,2.0651747958855773,1.6614915132522583
20,1.6185949649155063,1.2945925392614384,1.8625258347940488,1.4897199869155884
